{"properties":{"connectionReferences":{"shared_commondataserviceforapps":{"runtimeSource":"embedded","connection":{},"api":{"name":"shared_commondataserviceforapps"}},"shared_sharepointonline":{"runtimeSource":"embedded","connection":{},"api":{"name":"shared_sharepointonline"}}},"definition":{"$schema":"https://schema.management.azure.com/providers/Microsoft.Logic/schemas/2016-06-01/workflowdefinition.json#","contentVersion":"1.0.0.0","parameters":{"$connections":{"defaultValue":{},"type":"Object"},"$authentication":{"defaultValue":{},"type":"SecureObject"},"SharePointSite-SummarizeText (dev_SharePointSiteSummarizeText)":{"defaultValue":"https://pucelikenterprise.sharepoint.com/teams/Legal","type":"String","metadata":{"schemaName":"dev_SharePointSiteSummarizeText","description":"SharePoint site where the library exists"}},"LibraryName-SummarizeText (dev_LibraryNameSummarizeText)":{"defaultValue":"f6b48a55-2c25-4238-ae82-99d40b2ecbcd","type":"String","metadata":{"schemaName":"dev_LibraryNameSummarizeText","description":"Library where the text summarization flow runs."}},"AzureFunctionURI-SummarizeText (dev_AzureFunctionURISummarizeText)":{"defaultValue":"https://summarizedocument.azurewebsites.net/api/SummarizeDocument","type":"String","metadata":{"schemaName":"dev_AzureFunctionURISummarizeText","description":"The URI of the Azure Function used to call the summarize text API"}}},"triggers":{"When_a_file_is_created_in_a_folder":{"recurrence":{"interval":1,"frequency":"Minute"},"metadata":{"%252fSummarizeText":"/SummarizeText","operationMetadataId":"ac1e6edf-8579-47e7-98c6-df77224e1f6e"},"type":"OpenApiConnection","inputs":{"host":{"connectionName":"shared_sharepointonline","operationId":"OnNewFile","apiId":"/providers/Microsoft.PowerApps/apis/shared_sharepointonline"},"parameters":{"dataset":"@parameters('SharePointSite-SummarizeText (dev_SharePointSiteSummarizeText)')","folderId":"@parameters('LibraryName-SummarizeText (dev_LibraryNameSummarizeText)')","inferContentType":true},"authentication":"@parameters('$authentication')"}}},"actions":{"Apply_to_each_-_Apply_to_each_page":{"foreach":"@outputs('Recognize_text_in_an_image')?['body/responsev2/predictionOutput/results']","actions":{"Apply_to_each_-_Apply_to_each_line":{"foreach":"@items('Apply_to_each_-_Apply_to_each_page')?['lines']","actions":{"Append_to_string_variable":{"runAfter":{},"metadata":{"operationMetadataId":"c081e3d8-f82a-4238-9080-e01086ac50ed"},"type":"AppendToStringVariable","inputs":{"name":"Extracted text","value":"@{items('Apply_to_each_-_Apply_to_each_line')?['text']} "}}},"runAfter":{},"metadata":{"operationMetadataId":"236d6f12-038a-40a9-a887-e747f0a951f0"},"type":"Foreach"}},"runAfter":{"varExtractedText":["Succeeded"]},"metadata":{"operationMetadataId":"4b77e2d6-8b17-49a2-b6dd-224c64465acb"},"type":"Foreach"},"Recognize_text_in_an_image":{"runAfter":{"SetFileID":["Succeeded"]},"metadata":{"flowSystemMetadata":{"portalOperationId":"aibuilderpredict_textrecognition","portalOperationGroup":"aibuilder","portalOperationApiDisplayNameOverride":"AI Builder","portalOperationIconOverride":"https://psuxemea.azureedge.net/Content/Images/DesignerOperations/aiBuilder.png","portalOperationBrandColorOverride":"#742775","portalOperationApiTierOverride":"Standard"},"operationMetadataId":"eb9b7a0a-0e1f-42ac-aa20-726e63382f81"},"type":"OpenApiConnection","inputs":{"host":{"connectionName":"shared_commondataserviceforapps","operationId":"aibuilderpredict_textrecognition","apiId":"/providers/Microsoft.PowerApps/apis/shared_commondataserviceforapps"},"parameters":{"item/requestv2/base64Encoded":"@triggerOutputs()?['body']"},"authentication":"@parameters('$authentication')"}},"varExtractedText":{"runAfter":{"Recognize_text_in_an_image":["Succeeded"]},"metadata":{"operationMetadataId":"80eb1c28-1729-4ea6-b53a-8209a633473e"},"type":"InitializeVariable","inputs":{"variables":[{"name":"Extracted text","type":"string"}]}},"Update_file_properties":{"runAfter":{"HTTP":["Succeeded"]},"metadata":{"operationMetadataId":"8de2d67b-1edc-42a5-aade-b397706b90ad"},"type":"OpenApiConnection","inputs":{"host":{"connectionName":"shared_sharepointonline","operationId":"PatchFileItem","apiId":"/providers/Microsoft.PowerApps/apis/shared_sharepointonline"},"parameters":{"dataset":"@parameters('SharePointSite-SummarizeText (dev_SharePointSiteSummarizeText)')","table":"@parameters('LibraryName-SummarizeText (dev_LibraryNameSummarizeText)')","id":"@variables('DocumentID')","item/ContractCompanyName":"","item/ContractSubjectName":"","item/SummarizedText":"@body('HTTP')"},"authentication":"@parameters('$authentication')"}},"FileID":{"runAfter":{},"metadata":{"operationMetadataId":"fd5d43a3-3b28-4803-9e23-f7bdc5690a82"},"type":"InitializeVariable","inputs":{"variables":[{"name":"DocumentID","type":"integer"}]}},"SetFileID":{"runAfter":{"Get_file_metadata_using_path":["Succeeded"]},"metadata":{"operationMetadataId":"f8528af1-73ec-4092-9db7-49b3bd42000e"},"type":"SetVariable","inputs":{"name":"DocumentID","value":"@outputs('Get_file_metadata_using_path')?['body/ItemId']"}},"Get_file_metadata_using_path":{"runAfter":{"FileID":["Succeeded"]},"metadata":{"operationMetadataId":"613d8924-6b06-4ad0-a274-fde0326659b6"},"type":"OpenApiConnection","inputs":{"host":{"connectionName":"shared_sharepointonline","operationId":"GetFileMetadataByPath","apiId":"/providers/Microsoft.PowerApps/apis/shared_sharepointonline"},"parameters":{"dataset":"@parameters('SharePointSite-SummarizeText (dev_SharePointSiteSummarizeText)')","path":"@triggerOutputs()?['headers/x-ms-file-path-encoded']"},"authentication":"@parameters('$authentication')"}},"HTTP":{"runAfter":{"Apply_to_each_-_Apply_to_each_page":["Succeeded"]},"metadata":{"operationMetadataId":"4fd8a557-4410-4287-b5f1-058f39103177"},"type":"Http","inputs":{"method":"POST","uri":"@parameters('AzureFunctionURI-SummarizeText (dev_AzureFunctionURISummarizeText)')","body":{"$content-type":"multipart/form-data","$multipart":[{"headers":{"Content-Disposition":"form-data; name=\"text\"; text=text"},"body":"@variables('Extracted text')"}]}}}}}},"schemaVersion":"1.0.0.0"}